chain_id,group_num,group_name,x,y,z,xcb,ycb,zcb
A,10,M,8.432,-2.832,-13.601,9.877,-2.393,-13.395
A,11,G,5.61,-0.307,-13.39,5.61,-0.307,-13.39
A,12,P,5.297,3.076,-11.915,3.966,3.788,-12.101
A,13,I,6.397,4.454,-8.595,7.264,5.725,-8.424
A,14,I,3.634,4.031,-5.997,2.72,2.84,-6.29
A,15,T,3.194,4.378,-2.244,2.849,5.791,-1.743
A,16,T,2.042,1.958,0.408,2.466,0.476,0.065
A,17,Q,1.833,2.243,4.169,0.942,3.288,4.791
A,18,V,2.322,-0.445,6.826,3.437,-1.516,6.644
A,19,T,1.754,-0.23,10.582,0.291,-0.165,11.063
A,20,I,4.14,-1.387,13.287,5.65,-1.272,13.018
A,21,P,3.264,-1.433,17.026,3.22,-2.747,17.797
A,22,K,4.885,1.543,18.728,4.186,2.652,19.548
A,23,D,6.805,-0.6,21.194,6.301,-1.359,22.419
A,24,L,8.38,-2.603,18.29,7.586,-3.717,17.606
A,25,A,9.012,0.193,15.837,8.148,1.415,15.632
A,26,G,12.535,0.825,17.222,12.535,0.825,17.222
A,27,S,13.513,-2.493,15.601,12.49,-3.619,15.45
A,28,I,13.609,-0.773,12.208,12.356,-0.684,11.308
A,29,I,15.439,2.396,13.156,14.791,3.452,14.075
A,30,G,18.659,1.645,14.968,18.659,1.645,14.968
A,31,K,21.252,3.939,16.461,22.453,3.489,17.271
A,32,G,21.622,6.942,14.162,21.622,6.942,14.162
A,33,G,18.831,5.426,12.032,18.831,5.426,12.032
A,34,Q,21.417,2.983,10.683,22.635,2.38,11.409
A,35,R,18.885,0.174,10.248,18.158,-0.573,11.353
A,36,I,16.263,2.196,8.337,15.279,3.219,8.885
A,37,K,19.054,3.704,6.232,20.232,4.511,6.776
A,38,Q,20.227,0.192,5.381,20.708,-0.821,6.446
A,39,I,16.676,-1.04,4.609,15.513,-1.132,5.597
A,40,R,16.185,1.861,2.151,16.318,3.349,2.453
A,41,H,19.532,1.052,0.539,20.886,1.173,1.258
A,42,E,18.82,-2.661,0.194,18.762,-3.619,1.385
A,43,S,15.283,-2.27,-1.138,14.058,-1.991,-0.278
A,44,G,15.806,0.859,-3.215,15.806,0.859,-3.215
A,45,A,12.621,2.329,-1.742,11.537,1.46,-1.097
A,46,S,12.077,5.607,0.082,11.612,6.891,-0.57
A,47,I,10.868,4.796,3.604,11.472,3.487,4.147
A,48,K,9.737,7.182,6.313,9.346,8.574,5.879
A,49,I,8.196,6.861,9.557,8.869,6.081,10.721
A,50,D,5.583,9.029,11.125,4.076,8.688,11.228
A,51,E,6.063,11.23,14.171,5.61,12.679,14.336
A,52,P,6.127,9.238,17.402,7.298,9.397,18.327
A,53,L,3.009,10.622,19.157,3.117,11.894,20.005
A,54,E,0.713,10.425,16.209,0.976,10.442,14.732
A,55,G,-1.059,8.122,18.472,-1.059,8.122,18.472
A,56,S,-2.91,4.915,17.797,-3.048,4.658,16.314
A,57,E,-1.085,1.866,19.167,-1.779,0.541,19.433
A,58,D,0.905,1.844,15.921,0.225,1.13,14.756
A,59,R,3.441,3.819,13.961,4.987,3.798,14.166
A,60,I,2.751,4.326,10.245,1.646,5.277,9.745
A,61,I,5.627,3.621,7.828,6.439,2.332,8.035
A,62,T,5.307,5.011,4.289,4.997,6.488,4.1
A,63,I,7.162,3.119,1.519,7.138,1.591,1.641
A,64,T,7.522,4.634,-1.972,7.498,6.17,-1.986
A,65,G,9.052,2.902,-4.977,9.052,2.902,-4.977
A,66,T,8.176,0.308,-7.567,9.073,-0.429,-8.58
A,67,Q,5.926,-2.527,-6.399,4.736,-3.116,-7.145
A,68,D,8.943,-4.828,-6.255,9.856,-5.15,-7.45
A,69,Q,10.958,-2.368,-4.155,11.387,-0.952,-4.56
A,70,I,8.007,-1.967,-1.806,6.607,-1.446,-2.181
A,71,Q,7.663,-5.741,-1.384,7.32,-6.728,-2.484
A,72,N,11.384,-6.078,-0.672,12.532,-5.791,-1.635
A,73,A,11.187,-3.247,1.881,10.767,-1.805,1.617
A,74,Q,8.17,-4.861,3.562,6.844,-5.236,2.929
A,75,Y,9.991,-8.179,4.021,10.201,-9.201,2.934
A,76,L,13.098,-6.421,5.34,13.927,-5.345,4.628
A,77,L,10.933,-4.522,7.851,9.828,-3.551,7.51
A,78,Q,9.193,-7.738,8.968,8.339,-8.649,8.086
A,79,N,12.43,-9.666,9.26,13.319,-10.109,8.101
A,80,S,13.967,-6.795,11.263,14.138,-5.356,10.788
A,81,V,11.058,-6.715,13.734,9.618,-6.285,13.443
A,82,K,11.338,-10.477,14.1,11.12,-11.515,12.978
A,83,Q,15.164,-10.263,14.666,16.188,-9.62,13.689
A,84,Y,14.874,-7.708,17.412,15.089,-6.219,17.093
A,85,S,11.529,-8.668,19.016,10.23,-7.914,18.642
A,86,G,10.95,-12.381,18.323,10.95,-12.381,18.323
A,87,K,7.737,-11.849,16.373,6.51,-11.539,17.254
A,88,F,6.422,-10.518,13.071,5.951,-11.429,11.946
A,89,F,3.987,-7.63,12.958,4.451,-6.162,12.992
